id,date,day,public_holiday,start_time,end_time,break_hours,working_hours,bonus,travel_eur,gross_pay,tax,net_pay,gross_hourly,source,notes,user_id
7,03-11-2025,Monday,N,07:15,15:00,0.75,7,6,0,107.71,28.11,79.6,101.71,work_log.csv,,
6,04-11-2025,Tuesday,N,07:15,14:00,0.75,6,6,0,93.18,24.1,69.08,87.18,work_log.csv,,
5,05-11-2025,Wednesday,N,07:15,12:00,0.25,4.5,0,0,65.38,18.07,47.31,65.38,work_log.csv,,
4,06-11-2025,Thursday,N,07:00,15:00,0.75,7.25,6,0,111.34,29.12,82.23,105.34,work_log.csv,,
3,07-11-2025,Friday,N,07:15,15:00,0.75,7,6,0,107.71,28.11,79.6,101.71,work_log.csv,,
2,10-11-2025,Monday,N,07:00,15:00,0.75,7.25,6,0,111.34,29.12,82.23,105.34,work_log.csv,,
1,11-11-2025,Tuesday,N,07:00,15:30,0.75,7.75,6,0,118.61,31.12,87.48,112.61,work_log.csv,,
8,12-11-2025,Wednesday,N,07:00,15:30,0.75,7.75,6,0,118.61,31.12,87.48,112.61,work_log.csv,,
9,13-11-2025,Thursday,N,07:00,15:30,0.75,7.75,6,0,118.61,31.12,87.48,112.61,work_log.csv,,
10,14-11-2025,Friday,N,07:00,15:30,0.75,7.75,6,0,118.61,31.12,87.48,112.61,work_log.csv,,
11,17-11-2025,Monday,N,07:15,15:30,0.75,7.5,6,0,114.97,30.12,84.85,108.97,work_log.csv,,
12,18-11-2025,Tuesday,N,07:15,15:00,0.75,7,6,0,107.71,28.11,79.6,101.71,work_log.csv,,
13,19-11-2025,Wednesday,N,07:15,15:30,0.75,7.5,6,0,114.97,30.12,84.85,108.97,work_log.csv,None,
14,20-11-2025,Thursday,N,07:15,15:30,0.75,7.5,6,0,114.97,30.12,84.85,108.97,work_log.csv,,
15,21-11-2025,Friday,N,07:00,15:30,0.75,7.75,6,0,118.61,31.12,87.48,112.61,manual,,
16,24-11-2025,Monday,N,07:00,15:20,0.75,7.583,6,0,116.18,30.45,85.73,110.18,manual,,
17,25-11-2025,Tuesday,N,07:00,15:15,0.75,7.5,6,0,114.97,30.12,84.85,108.97,manual,,
18,26-11-2025,Wednesday,N,07:00,15:15,0.75,7.5,6,0,114.97,30.12,84.85,108.97,manual,,
19,27-11-2025,Thursday,N,07:00,15:30,0.75,7.75,6,0,118.61,31.12,87.48,112.61,manual,,
20,28-11-2025,Friday,N,07:00,15:45,0.75,8,6,88,210.24,32.13,178.11,116.24,manual,,
21,01-12-2025,Monday,N,07:00,15:35,0.75,7.833,6,0,119.81,31.46,88.36,113.81,manual,,
22,02-12-2025,Tuesday,N,07:00,15:00,0.75,7.25,6,0,111.34,29.12,82.23,105.34,manual,,
23,03-12-2025,Wednesday,N,07:00,15:15,0.75,7.5,6,0,114.97,30.12,84.85,108.97,manual,,
24,04-12-2025,Thursday,N,07:00,15:15,0.75,7.5,6,0,114.97,30.12,84.85,108.97,manual,,
25,05-12-2025,Friday,N,07:00,15:30,0.75,7.75,6,0,118.61,31.12,87.48,112.61,manual,,
26,08-12-2025,Monday,N,07:15,15:30,0.75,7.5,6,0,114.97,30.12,84.85,108.97,manual,,
27,09-12-2025,Tuesday,N,07:15,15:00,0.75,7,6,0,107.71,28.11,79.6,101.71,manual,,
28,10-12-2025,Wednesday,N,07:15,15:30,0.75,7.5,6,0,114.97,30.12,84.85,108.97,manual,,
29,11-12-2025,Thursday,N,00:00,00:00,0,0,0,0,0,0,0,0,manual,,
30,12-12-2025,Friday,N,07:15,15:30,0.75,7.5,6,0,114.97,30.12,84.85,108.97,manual,,
31,15-12-2025,Monday,N,07:00,15:00,0.75,7.25,6,0,111.34,29.12,82.23,105.34,manual,,
32,16-12-2025,Tuesday,N,07:00,15:25,0.75,7.667,6,0,117.4,30.79,86.61,111.4,manual,,
33,17-12-2025,Wednesday,N,07:00,15:30,0.75,7.75,6,0,118.61,31.12,87.48,112.61,manual,,
34,18-12-2025,Thursday,N,07:00,15:30,0.75,7.75,6,0,118.61,31.12,87.48,112.61,manual,,
35,19-12-2025,Friday,N,07:00,15:30,0.75,7.75,6,0,118.61,31.12,87.48,112.61,manual,,
36,22-12-2025,Monday,N,07:00,15:30,0.75,7.75,6,0,118.61,31.12,87.48,112.61,manual,,
37,23-12-2025,Tuesday,N,07:00,15:20,0.75,7.583,6,0,116.18,30.45,85.73,110.18,manual,,
38,24-12-2025,Wednesday,Y,07:00,15:20,0.75,7,6,0,107.71,28.11,79.6,101.71,manual,,
39,25-12-2025,Thursday,Y,07:00,15:20,0.75,7,6,0,107.71,28.11,79.6,101.71,manual,,
40,26-12-2025,Friday,Y,07:00,15:20,0.75,7,6,0,107.71,28.11,79.6,101.71,manual,,
41,31-12-2025,Wednesday,Y,08:00,16:30,0.5,7,6,64,171.71,28.11,143.6,101.71,manual,,
44,02-01-2026,Friday,N,00:00,00:00,0,0,0,0,0,0,0,0,manual,,
42,05-01-2026,Monday,N,07:00,15:00,0.75,7.25,6,0,111.34,29.12,82.23,105.34,manual,,
43,06-01-2026,Tuesday,N,07:15,11:35,0.25,4.083,0,0,59.33,16.4,42.93,59.33,manual,,
45,07-01-2026,Wednesday,N,07:15,15:15,0.75,7.25,6,0,111.34,29.12,82.23,105.34,manual,,
46,08-01-2026,Thursday,N,07:15,14:00,0.75,6,6,0,93.18,24.1,69.08,87.18,manual,,
47,08-01-2026,Thursday,N,07:15,15:10,0.75,7.167,6,0,110.14,28.78,81.35,104.14,manual,,
48,12-01-2026,Monday,N,07:00,15:15,0.75,7.5,6,0,114.97,30.12,84.85,108.97,manual,,
49,13-01-2026,Tuesday,N,07:00,15:30,0.75,7.75,6,0,118.61,31.12,87.48,112.61,manual,,
50,14-01-2026,Wednesday,N,07:00,15:30,0.75,7.75,6,0,118.61,31.12,87.48,112.61,manual,,
51,15-01-2026,Thursday,N,07:00,15:45,0.75,8,6,0,122.24,32.13,90.11,116.24,manual,,
52,16-01-2026,Friday,N,07:00,15:15,0.75,7.5,6,0,114.97,30.12,84.85,108.97,manual,,
53,19-01-2026,Monday,N,07:10,15:30,0.75,7.583,6,0,116.18,30.45,85.73,110.18,manual,,
54,20-01-2026,Tuesday,N,07:15,15:30,0.75,7.5,6,0,114.97,30.12,84.85,108.97,manual,,
55,21-01-2026,Wednesday,N,07:15,15:00,0.75,7,6,0,107.71,28.11,79.6,101.71,manual,,
56,22-01-2026,Thursday,N,07:15,15:30,0.75,7.5,6,0,114.97,30.12,84.85,108.97,manual,,
57,23-01-2026,Friday,N,07:15,15:15,0.75,7.25,6,0,111.34,29.12,82.23,105.34,manual,,
61,26-01-2026,Monday,N,07:00,15:00,0.75,7.25,6,0,111.34,29.12,82.23,105.34,manual,,
60,27-01-2026,Tuesday,N,07:15,15:15,0.75,7.25,6,0,111.34,29.12,82.23,105.34,manual,,
59,28-01-2026,Wednesday,N,07:00,15:00,0.75,7.25,6,0,111.34,29.12,82.23,105.34,manual,,
58,29-01-2026,Thursday,N,07:15,15:15,0.75,7.25,6,0,111.34,29.12,82.23,105.34,manual,,
62,30-01-2026,Friday,N,07:15,15:30,0.75,7.5,6,64,178.97,30.12,148.85,108.97,manual,,
63,02-02-2026,Monday,N,07:15,15:00,0.75,7,6,0,107.71,28.11,79.6,101.71,manual,,
64,03-02-2026,Tuesday,N,07:15,15:15,0.75,7.25,6,0,111.34,29.12,82.23,105.34,manual,,
,04-02-2026,Wednesday,,07:15,15:00,0.75,,,,,,,,,,
,05-02-2026,Thursday,,07:15,15:30,0.75,,,,,,,,,,
,06-02-2026,Friday,,07:15,15:20,0.75,,,,,,,,,,
,07-02-2026,Saturday,,,,,,,,,,,,,,
,08-02-2026,Sunday,,,,,,,,,,,,,,
,09-02-2026,Monday,,07:15,15:00,0.45,,,,,,,,,,
,10-02-2026,Tuesday,,,,,,,,,,,,,,
,11-02-2026,Wednesday,,,,,,,,,,,,,,
,12-02-2026,Thursday,,07:15,15:00,0.75,,,,,,,,,,
,13-02-2026,Friday,,07:15,09:20,,,,,,,,,,,
,14-02-2026,Saturday,,,,,,,,,,,,,,
,15-02-2026,Sunday,,,,,,,,,,,,,,
,16-02-2026,Monday,,,,,,,,,,,,,,
,17-02-2026,Tuesday,,07:15,12:00,0.25,,,,,,,,,,
,18-02-2026,Wednesday,,07:15,10:15,0.25,,,,,,,,,,
,19-02-2026,Thursday,,07:00,15:30,0.5,,,,,,,,,,
,20-02-2026,Friday,,07:00,16:05,0.5,,,,,,,,,,
,21-02-2026,Saturday,,,,,,,,,,,,,,
,22-02-2026,Sunday,,,,,,,,,,,,,,
,23-02-2026,Monday,,07:15,15:30,0.75,,,,,,,,,,
,24-02-2026,Tuesday,,07:00,15:15,0.75,,,,,,,,,,
,25-02-2026,Wednesday,,07:00,15:30,0.75,,,,,,,,,,
,26-02-2026,Thursday,,07:15,15:30,0.75,,,,,,,,,,
,27-02-2026,Friday,,09:00,15:30,0.5,,,,,,,,,,
,28-02-2026,Saturday,,,,,,,,,,,,,,
,,,,,,,,,,,,,,,,
,,,,,,,,,,,,,,,,
